TS,Sequence,Node,Millis,Sensor,Reading,ReadingUnits,Memo,RSSI,OriginId
2013-11-01 09:23:02,0,Gateway-Linux,1,Uptime,3713.10,seconds,,,
2013-11-01 09:23:02,1,Gateway-Linux,1,Idletime,3569.56,seconds,,,
2013-11-01 09:23:02,2,Gateway-Linux,1,MPU Temp,47.1,C,,,
2013-11-01 09:23:13,3,Gateway-Linux,1,Uptime,3724.16,seconds,,,
2013-11-01 09:23:13,4,Gateway-Linux,1,Idletime,3580.38,seconds,,,
2013-11-01 09:23:13,5,Gateway-Linux,1,MPU Temp,46.5,C,,,
2013-11-01 09:24:23,R263,Proto,54809,LUX,134.00,lux,,-78,0
2013-11-01 09:24:24,R269,Proto,59506,Dallas,27.94,C,,-78,0
2013-11-01 09:24:24,R269,Proto,59506,Dallas-F,82.292,F,,-78,0
2013-11-01 09:24:24,R273,Proto,59799,LUX,133.00,lux,,-78,0
2013-11-01 09:24:24,R274,Proto,59885,LUX-Broad,229.00,rawb,,-76,0
2013-11-01 09:24:25,R279,Proto,61063,Dallas,28.00,C,,-78,0
2013-11-01 09:24:25,R279,Proto,61063,Dallas-F,82.4,F,,-78,0
2013-11-01 09:24:26,R280,Proto,61083,BATT-R,139.00,raw,,-79,0
2013-11-01 09:24:27,R289,Proto,62598,Dallas,28.00,C,,-78,0
2013-11-01 09:24:27,R289,Proto,62598,Dallas-F,82.4,F,,-78,0
2013-11-01 09:24:27,R291,Proto,62689,BATT-V,4.93,volts,,-75,0
2013-11-01 09:24:27,R293,Proto,62841,LUX,133.00,lux,,-77,0
2013-11-01 09:24:28,R294,Proto,63429,LUX-Broad,229.00,rawb,,-80,0
2013-11-01 09:24:29,0,Gateway-Linux,1,Uptime,3800.29,seconds,,,
2013-11-01 09:24:29,1,Gateway-Linux,1,Idletime,3651.98,seconds,,,
2013-11-01 09:24:30,2,Gateway-Linux,1,MPU Temp,47.1,C,,,
2013-11-01 09:27:17,0,Gateway-Linux,1,Uptime,3967.39,seconds,,,
2013-11-01 09:27:17,1,Gateway-Linux,1,Idletime,3804.62,seconds,,,
2013-11-01 09:27:17,2,Gateway-Linux,1,MPU Temp,47.1,C,,,
2013-11-01 09:27:28,3,Gateway-Linux,1,Uptime,3978.44,seconds,,,
2013-11-01 09:27:28,4,Gateway-Linux,1,Idletime,3815.51,seconds,,,
2013-11-01 09:27:28,5,Gateway-Linux,1,MPU Temp,47.1,C,,,
2013-11-01 09:27:39,6,Gateway-Linux,1,Uptime,3989.51,seconds,,,
2013-11-01 09:27:39,7,Gateway-Linux,1,Idletime,3826.09,seconds,,,
2013-11-01 09:27:39,8,Gateway-Linux,1,MPU Temp,47.1,C,,,
2013-11-01 09:31:41,0,Gateway-Linux,1,Uptime,4231.47,seconds,,,
2013-11-01 09:31:41,1,Gateway-Linux,1,Idletime,4049.34,seconds,,,
2013-11-01 09:31:41,2,Gateway-Linux,1,MPU Temp,47.6,C,,,
2013-11-01 09:31:52,3,Gateway-Linux,1,Uptime,4242.63,seconds,,,
2013-11-01 09:31:52,4,Gateway-Linux,1,Idletime,4060.17,seconds,,,
2013-11-01 09:31:52,5,Gateway-Linux,1,MPU Temp,47.6,C,,,
2013-11-01 09:32:03,6,Gateway-Linux,1,Uptime,4253.72,seconds,,,
2013-11-01 09:32:03,7,Gateway-Linux,1,Idletime,4070.90,seconds,,,
2013-11-01 09:32:03,8,Gateway-Linux,1,MPU Temp,47.6,C,,,
2013-11-01 09:32:14,9,Gateway-Linux,1,Uptime,4264.84,seconds,,,
2013-11-01 09:32:14,10,Gateway-Linux,1,Idletime,4081.59,seconds,,,
2013-11-01 09:32:14,11,Gateway-Linux,1,MPU Temp,47.1,C,,,
2013-11-01 09:32:25,12,Gateway-Linux,1,Uptime,4275.96,seconds,,,
2013-11-01 09:32:25,13,Gateway-Linux,1,Idletime,4092.14,seconds,,,
2013-11-01 09:32:25,14,Gateway-Linux,1,MPU Temp,47.6,C,,,
2013-11-01 09:32:36,15,Gateway-Linux,1,Uptime,4287.14,seconds,,,
2013-11-01 09:32:36,16,Gateway-Linux,1,Idletime,4102.86,seconds,,,
2013-11-01 09:32:36,17,Gateway-Linux,1,MPU Temp,48.2,C,,,
2013-11-01 09:32:47,18,Gateway-Linux,1,Uptime,4298.25,seconds,,,
2013-11-01 09:32:47,19,Gateway-Linux,1,Idletime,4113.58,seconds,,,
2013-11-01 09:32:47,20,Gateway-Linux,1,MPU Temp,47.6,C,,,
2013-11-01 09:32:58,21,Gateway-Linux,1,Uptime,4308.36,seconds,,,
2013-11-01 09:32:58,22,Gateway-Linux,1,Idletime,4123.15,seconds,,,
2013-11-01 09:32:58,23,Gateway-Linux,1,MPU Temp,47.6,C,,,
2013-11-01 09:33:09,24,Gateway-Linux,1,Uptime,4319.47,seconds,,,
2013-11-01 09:33:09,25,Gateway-Linux,1,Idletime,4133.79,seconds,,,
2013-11-01 09:33:09,26,Gateway-Linux,1,MPU Temp,47.1,C,,,
2013-11-01 09:33:20,27,Gateway-Linux,1,Uptime,4330.57,seconds,,,
2013-11-01 09:33:20,28,Gateway-Linux,1,Idletime,4144.51,seconds,,,
2013-11-01 09:33:20,29,Gateway-Linux,1,MPU Temp,47.6,C,,,
2013-11-01 09:33:31,30,Gateway-Linux,1,Uptime,4341.76,seconds,,,
2013-11-01 09:33:31,31,Gateway-Linux,1,Idletime,4155.29,seconds,,,
2013-11-01 09:33:31,32,Gateway-Linux,1,MPU Temp,47.6,C,,,
2013-11-01 09:33:42,33,Gateway-Linux,1,Uptime,4352.88,seconds,,,
2013-11-01 09:33:42,34,Gateway-Linux,1,Idletime,4166.07,seconds,,,
2013-11-01 09:33:42,35,Gateway-Linux,1,MPU Temp,47.6,C,,,
2013-11-01 09:34:03,36,Gateway-Linux,1,Uptime,4373.55,seconds,,,
2013-11-01 09:34:03,37,Gateway-Linux,1,Idletime,4185.38,seconds,,,
2013-11-01 09:34:03,38,Gateway-Linux,1,MPU Temp,47.6,C,,,
2013-11-01 09:34:14,39,Gateway-Linux,1,Uptime,4384.74,seconds,,,
2013-11-01 09:34:14,40,Gateway-Linux,1,Idletime,4196.08,seconds,,,
2013-11-01 09:34:14,41,Gateway-Linux,1,MPU Temp,47.6,C,,,
2013-11-01 09:34:25,42,Gateway-Linux,1,Uptime,4395.86,seconds,,,
2013-11-01 09:34:25,43,Gateway-Linux,1,Idletime,4206.86,seconds,,,
2013-11-01 09:34:25,44,Gateway-Linux,1,MPU Temp,47.6,C,,,
2013-11-01 09:36:37,0,Gateway-Linux,1,Uptime,4527.74,seconds,,,
2013-11-01 09:36:37,1,Gateway-Linux,1,Idletime,4327.05,seconds,,,
2013-11-01 09:36:37,2,Gateway-Linux,1,MPU Temp,47.6,C,,,
2013-11-01 09:36:48,3,Gateway-Linux,1,Uptime,4538.84,seconds,,,
2013-11-01 09:36:48,4,Gateway-Linux,1,Idletime,4337.82,seconds,,,
2013-11-01 09:36:48,5,Gateway-Linux,1,MPU Temp,47.6,C,,,
2013-11-01 09:36:59,6,Gateway-Linux,1,Uptime,4549.94,seconds,,,
2013-11-01 09:36:59,7,Gateway-Linux,1,Idletime,4348.36,seconds,,,
2013-11-01 09:36:59,8,Gateway-Linux,1,MPU Temp,47.6,C,,,
2013-11-01 09:37:10,9,Gateway-Linux,1,Uptime,4561.05,seconds,,,
2013-11-01 09:37:10,10,Gateway-Linux,1,Idletime,4359.27,seconds,,,
2013-11-01 09:37:10,11,Gateway-Linux,1,MPU Temp,47.6,C,,,
2013-11-01 09:37:21,12,Gateway-Linux,1,Uptime,4572.14,seconds,,,
2013-11-01 09:37:21,13,Gateway-Linux,1,Idletime,4370.04,seconds,,,
2013-11-01 09:37:21,14,Gateway-Linux,1,MPU Temp,47.6,C,,,
2013-11-01 09:39:33,0,Gateway-Linux,1,Uptime,4703.86,seconds,,,
2013-11-01 09:39:33,1,Gateway-Linux,1,Idletime,4492.90,seconds,,,
2013-11-01 09:39:33,2,Gateway-Linux,1,MPU Temp,48.2,C,,,
2013-11-01 09:40:00,0,Gateway-Linux,1,Uptime,4730.37,seconds,,,
2013-11-01 09:40:00,1,Gateway-Linux,1,Idletime,4516.15,seconds,,,
2013-11-01 09:40:00,2,Gateway-Linux,1,MPU Temp,48.7,C,,,
2013-11-01 09:40:11,3,Gateway-Linux,1,Uptime,4741.45,seconds,,,
2013-11-01 09:40:11,4,Gateway-Linux,1,Idletime,4526.87,seconds,,,
2013-11-01 09:40:11,5,Gateway-Linux,1,MPU Temp,47.6,C,,,
2013-11-01 09:41:23,0,Gateway-Linux,1,Uptime,4813.79,seconds,,,
2013-11-01 09:41:23,1,Gateway-Linux,1,Idletime,4593.61,seconds,,,
2013-11-01 09:41:23,2,Gateway-Linux,1,MPU Temp,47.6,C,,,
2013-11-01 09:41:37,0,Gateway-Linux,1,Uptime,4828.17,seconds,,,
2013-11-01 09:41:37,1,Gateway-Linux,1,Idletime,4604.68,seconds,,,
2013-11-01 09:41:37,2,Gateway-Linux,1,MPU Temp,48.2,C,,,
2013-11-01 09:43:30,0,Gateway-Linux,1,Uptime,4940.40,seconds,,,
2013-11-01 09:43:30,1,Gateway-Linux,1,Idletime,4703.17,seconds,,,
2013-11-01 09:43:30,2,Gateway-Linux,1,MPU Temp,48.2,C,,,
2013-11-01 09:45:49,0,Gateway-Linux,1,Uptime,5080.05,seconds,,,
2013-11-01 09:45:49,1,Gateway-Linux,1,Idletime,4833.57,seconds,,,
2013-11-01 09:45:49,2,Gateway-Linux,1,MPU Temp,48.2,C,,,
2013-11-01 09:46:00,3,Gateway-Linux,1,Uptime,5091.13,seconds,,,
2013-11-01 09:46:00,4,Gateway-Linux,1,Idletime,4844.07,seconds,,,
2013-11-01 09:46:00,5,Gateway-Linux,1,MPU Temp,48.2,C,,,
2013-11-01 09:47:46,0,Gateway-Linux,1,Uptime,5196.84,seconds,,,
2013-11-01 09:47:46,1,Gateway-Linux,1,Idletime,4941.45,seconds,,,
2013-11-01 09:47:46,2,Gateway-Linux,1,MPU Temp,48.2,C,,,
2013-11-01 09:48:16,0,Gateway-Linux,1,Uptime,5226.81,seconds,,,
2013-11-01 09:48:16,1,Gateway-Linux,1,Idletime,4968.52,seconds,,,
2013-11-01 09:48:16,2,Gateway-Linux,1,MPU Temp,48.2,C,,,
2013-11-01 09:48:32,0,Gateway-Linux,1,Uptime,5242.93,seconds,,,
2013-11-01 09:48:32,1,Gateway-Linux,1,Idletime,4982.03,seconds,,,
2013-11-01 09:48:32,2,Gateway-Linux,1,MPU Temp,47.6,C,,,
2013-11-01 09:48:43,3,Gateway-Linux,1,Uptime,5254.02,seconds,,,
2013-11-01 09:48:43,4,Gateway-Linux,1,Idletime,4992.88,seconds,,,
2013-11-01 09:48:43,5,Gateway-Linux,1,MPU Temp,48.2,C,,,
2013-11-01 09:48:54,6,Gateway-Linux,1,Uptime,5265.17,seconds,,,
2013-11-01 09:48:54,7,Gateway-Linux,1,Idletime,5003.71,seconds,,,
2013-11-01 09:48:54,8,Gateway-Linux,1,MPU Temp,48.2,C,,,
2013-11-01 09:49:14,0,Gateway-Linux,1,Uptime,5284.45,seconds,,,
2013-11-01 09:49:14,1,Gateway-Linux,1,Idletime,5020.85,seconds,,,
2013-11-01 09:49:14,2,Gateway-Linux,1,MPU Temp,48.7,C,,,
2013-11-01 09:49:24,R0,Proto,76,BATT-R,138.00,raw,,-80,0
2013-11-01 09:49:25,R13,Proto,1872,LUX,118.00,lux,,-76,0
2013-11-01 09:49:26,R19,Proto,3164,Dallas,28.25,C,,-81,0
2013-11-01 09:49:26,R19,Proto,3164,Dallas-F,82.85,F,,-81,0
2013-11-01 09:49:26,R19,Proto,3164,Dallas,28.25,C,,-74,0
2013-11-01 09:49:26,R19,Proto,3164,Dallas-F,82.85,F,,-74,0
2013-11-01 09:49:27,R27,Proto,4001,BMP-Pressure,99654.00,Pa,,-82,0
2013-11-01 09:49:28,R29,Proto,4954,Dallas,28.31,C,,-77,0
2013-11-01 09:49:28,R29,Proto,4954,Dallas-F,82.958,F,,-77,0
2013-11-01 09:49:29,3,Gateway-Linux,1,Uptime,5299.79,seconds,,,
2013-11-01 09:49:29,4,Gateway-Linux,1,Idletime,5035.81,seconds,,,
2013-11-01 09:49:29,5,Gateway-Linux,1,MPU Temp,48.2,C,,,
2013-11-01 09:49:30,R36,Proto,5484,BMP-Temp,27.93,C,,-73,0
2013-11-01 09:49:30,R36,Proto,5484,BMP-Temp-F,82.274,F,,-73,0
2013-11-01 09:49:31,R39,Proto,7814,Dallas,28.31,C,,-82,0
2013-11-01 09:49:31,R39,Proto,7814,Dallas-F,82.958,F,,-82,0
2013-11-01 09:49:31,R47,Proto,8399,BMP-Pressure,99655.00,Pa,,-80,0
2013-11-01 09:49:33,R49,Proto,9319,Dallas,28.31,C,,-74,0
2013-11-01 09:49:33,R49,Proto,9319,Dallas-F,82.958,F,,-74,0
2013-11-01 09:49:34,R59,Proto,10908,Dallas,28.31,C,,-81,0
2013-11-01 09:49:34,R59,Proto,10908,Dallas-F,82.958,F,,-81,0
2013-11-01 09:49:40,6,Gateway-Linux,1,Uptime,5310.80,seconds,,,
2013-11-01 09:49:40,7,Gateway-Linux,1,Idletime,5046.36,seconds,,,
2013-11-01 09:49:40,8,Gateway-Linux,1,MPU Temp,48.2,C,,,
2013-11-01 09:49:51,9,Gateway-Linux,1,Uptime,5321.87,seconds,,,
2013-11-01 09:49:51,10,Gateway-Linux,1,Idletime,5057.04,seconds,,,
2013-11-01 09:49:51,11,Gateway-Linux,1,MPU Temp,48.2,C,,,
2013-11-01 09:50:02,12,Gateway-Linux,1,Uptime,5332.95,seconds,,,
2013-11-01 09:50:02,13,Gateway-Linux,1,Idletime,5067.78,seconds,,,
2013-11-01 09:50:02,14,Gateway-Linux,1,MPU Temp,47.6,C,,,
2013-11-01 09:50:13,15,Gateway-Linux,1,Uptime,5344.10,seconds,,,
2013-11-01 09:50:13,16,Gateway-Linux,1,Idletime,5078.65,seconds,,,
2013-11-01 09:50:13,17,Gateway-Linux,1,MPU Temp,47.6,C,,,
2013-11-01 09:50:24,18,Gateway-Linux,1,Uptime,5355.18,seconds,,,
2013-11-01 09:50:24,19,Gateway-Linux,1,Idletime,5089.32,seconds,,,
2013-11-01 09:50:24,20,Gateway-Linux,1,MPU Temp,48.7,C,,,
2013-11-01 09:50:35,21,Gateway-Linux,1,Uptime,5366.25,seconds,,,
2013-11-01 09:50:35,22,Gateway-Linux,1,Idletime,5099.90,seconds,,,
2013-11-01 09:50:35,23,Gateway-Linux,1,MPU Temp,47.6,C,,,
2013-11-01 09:50:46,24,Gateway-Linux,1,Uptime,5376.34,seconds,,,
2013-11-01 09:50:46,25,Gateway-Linux,1,Idletime,5109.73,seconds,,,
2013-11-01 09:50:46,26,Gateway-Linux,1,MPU Temp,48.2,C,,,
2013-11-01 09:51:06,27,Gateway-Linux,1,Uptime,5397.26,seconds,,,
2013-11-01 09:51:06,28,Gateway-Linux,1,Idletime,5128.89,seconds,,,
2013-11-01 09:51:06,29,Gateway-Linux,1,MPU Temp,47.6,C,,,
2013-11-01 09:51:18,30,Gateway-Linux,1,Uptime,5408.31,seconds,,,
2013-11-01 09:51:18,31,Gateway-Linux,1,Idletime,5139.73,seconds,,,
2013-11-01 09:51:18,32,Gateway-Linux,1,MPU Temp,47.6,C,,,
2013-11-01 09:51:29,33,Gateway-Linux,1,Uptime,5419.38,seconds,,,
2013-11-01 09:51:29,34,Gateway-Linux,1,Idletime,5150.48,seconds,,,
2013-11-01 09:51:29,35,Gateway-Linux,1,MPU Temp,48.7,C,,,
2013-11-01 09:51:40,36,Gateway-Linux,1,Uptime,5430.45,seconds,,,
2013-11-01 09:51:40,37,Gateway-Linux,1,Idletime,5161.34,seconds,,,
2013-11-01 09:51:40,38,Gateway-Linux,1,MPU Temp,47.6,C,,,
2013-11-01 09:52:10,0,Gateway-Linux,1,Uptime,5460.86,seconds,,,
2013-11-01 09:52:10,1,Gateway-Linux,1,Idletime,5187.65,seconds,,,
2013-11-01 09:52:10,2,Gateway-Linux,1,MPU Temp,47.6,C,,,
2013-11-01 09:52:49,0,Gateway-Linux,1,Uptime,5499.47,seconds,,,
2013-11-01 09:52:49,1,Gateway-Linux,1,Idletime,5219.76,seconds,,,
2013-11-01 09:52:49,2,Gateway-Linux,1,MPU Temp,48.2,C,,,
2013-11-01 09:53:04,0,Gateway-Linux,1,Uptime,5514.49,seconds,,,
2013-11-01 09:53:04,1,Gateway-Linux,1,Idletime,5232.35,seconds,,,
2013-11-01 09:53:04,2,Gateway-Linux,1,MPU Temp,48.7,C,,,
2013-11-01 09:53:44,0,Gateway-Linux,1,Uptime,5554.38,seconds,,,
2013-11-01 09:53:44,1,Gateway-Linux,1,Idletime,5267.76,seconds,,,
2013-11-01 09:53:44,2,Gateway-Linux,1,MPU Temp,48.2,C,,,
2013-11-01 09:53:55,3,Gateway-Linux,1,Uptime,5565.45,seconds,,,
2013-11-01 09:53:55,4,Gateway-Linux,1,Idletime,5278.55,seconds,,,
2013-11-01 09:53:55,5,Gateway-Linux,1,MPU Temp,48.2,C,,,
2013-11-01 09:54:06,6,Gateway-Linux,1,Uptime,5576.56,seconds,,,
2013-11-01 09:54:06,7,Gateway-Linux,1,Idletime,5289.27,seconds,,,
2013-11-01 09:54:06,8,Gateway-Linux,1,MPU Temp,48.2,C,,,
2013-11-01 09:54:17,9,Gateway-Linux,1,Uptime,5587.63,seconds,,,
2013-11-01 09:54:17,10,Gateway-Linux,1,Idletime,5300.12,seconds,,,
2013-11-01 09:54:17,11,Gateway-Linux,1,MPU Temp,47.6,C,,,
2013-11-01 09:54:28,12,Gateway-Linux,1,Uptime,5598.70,seconds,,,
2013-11-01 09:54:28,13,Gateway-Linux,1,Idletime,5310.81,seconds,,,
2013-11-01 09:54:28,14,Gateway-Linux,1,MPU Temp,47.6,C,,,
2013-11-01 09:54:39,15,Gateway-Linux,1,Uptime,5609.84,seconds,,,
2013-11-01 09:54:39,16,Gateway-Linux,1,Idletime,5321.45,seconds,,,
2013-11-01 09:54:39,17,Gateway-Linux,1,MPU Temp,47.6,C,,,
2013-11-01 09:56:02,0,Gateway-Linux,1,Uptime,5693.16,seconds,,,
2013-11-01 09:56:02,1,Gateway-Linux,1,Idletime,5395.85,seconds,,,
2013-11-01 09:56:02,2,Gateway-Linux,1,MPU Temp,48.7,C,,,
2013-11-01 09:56:14,0,Gateway-Linux,1,Uptime,5704.54,seconds,,,
2013-11-01 09:56:14,1,Gateway-Linux,1,Idletime,5405.10,seconds,,,
2013-11-01 09:56:14,2,Gateway-Linux,1,MPU Temp,48.7,C,,,
2013-11-01 09:56:25,3,Gateway-Linux,1,Uptime,5715.61,seconds,,,
2013-11-01 09:56:25,4,Gateway-Linux,1,Idletime,5415.96,seconds,,,
2013-11-01 09:56:25,5,Gateway-Linux,1,MPU Temp,47.6,C,,,
2013-11-01 09:56:36,6,Gateway-Linux,1,Uptime,5726.68,seconds,,,
2013-11-01 09:56:36,7,Gateway-Linux,1,Idletime,5426.60,seconds,,,
2013-11-01 09:56:36,8,Gateway-Linux,1,MPU Temp,47.6,C,,,
2013-11-01 09:56:47,9,Gateway-Linux,1,Uptime,5737.74,seconds,,,
2013-11-01 09:56:47,10,Gateway-Linux,1,Idletime,5437.41,seconds,,,
2013-11-01 09:56:47,11,Gateway-Linux,1,MPU Temp,48.2,C,,,
2013-11-01 09:56:58,12,Gateway-Linux,1,Uptime,5748.80,seconds,,,
2013-11-01 09:56:58,13,Gateway-Linux,1,Idletime,5448.16,seconds,,,
2013-11-01 09:56:58,14,Gateway-Linux,1,MPU Temp,48.2,C,,,
2013-11-01 09:57:09,15,Gateway-Linux,1,Uptime,5759.94,seconds,,,
2013-11-01 09:57:09,16,Gateway-Linux,1,Idletime,5458.94,seconds,,,
2013-11-01 09:57:09,17,Gateway-Linux,1,MPU Temp,48.2,C,,,
2013-11-01 09:57:20,18,Gateway-Linux,1,Uptime,5771.00,seconds,,,
2013-11-01 09:57:20,19,Gateway-Linux,1,Idletime,5469.79,seconds,,,
2013-11-01 09:57:20,20,Gateway-Linux,1,MPU Temp,47.6,C,,,
2013-11-01 09:57:31,21,Gateway-Linux,1,Uptime,5782.06,seconds,,,
2013-11-01 09:57:31,22,Gateway-Linux,1,Idletime,5480.66,seconds,,,
2013-11-01 09:57:31,23,Gateway-Linux,1,MPU Temp,47.6,C,,,
2013-11-01 09:57:42,24,Gateway-Linux,1,Uptime,5793.13,seconds,,,
2013-11-01 09:57:42,25,Gateway-Linux,1,Idletime,5491.48,seconds,,,
2013-11-01 09:57:42,26,Gateway-Linux,1,MPU Temp,48.2,C,,,
2013-11-01 09:57:53,27,Gateway-Linux,1,Uptime,5804.19,seconds,,,
2013-11-01 09:57:53,28,Gateway-Linux,1,Idletime,5502.15,seconds,,,
2013-11-01 09:57:53,29,Gateway-Linux,1,MPU Temp,48.2,C,,,
2013-11-01 09:58:04,30,Gateway-Linux,1,Uptime,5814.46,seconds,,,
2013-11-01 09:58:04,31,Gateway-Linux,1,Idletime,5512.00,seconds,,,
2013-11-01 09:58:04,32,Gateway-Linux,1,MPU Temp,48.7,C,,,
2013-11-01 09:58:15,33,Gateway-Linux,1,Uptime,5825.52,seconds,,,
2013-11-01 09:58:15,34,Gateway-Linux,1,Idletime,5522.80,seconds,,,
2013-11-01 09:58:15,35,Gateway-Linux,1,MPU Temp,47.6,C,,,
2013-11-01 09:58:26,36,Gateway-Linux,1,Uptime,5836.59,seconds,,,
2013-11-01 09:58:26,37,Gateway-Linux,1,Idletime,5533.63,seconds,,,
2013-11-01 09:58:26,38,Gateway-Linux,1,MPU Temp,47.6,C,,,
2013-11-01 09:58:37,39,Gateway-Linux,1,Uptime,5847.66,seconds,,,
2013-11-01 09:58:37,40,Gateway-Linux,1,Idletime,5544.11,seconds,,,
2013-11-01 09:58:37,41,Gateway-Linux,1,MPU Temp,47.6,C,,,
2013-11-01 10:09:10,0,Gateway-Linux,1,Uptime,500.59,seconds,,,
2013-11-01 10:09:10,1,Gateway-Linux,1,Idletime,446.40,seconds,,,
2013-11-01 10:09:10,2,Gateway-Linux,1,MPU Temp,48.2,C,,,
2013-11-01 10:09:53,0,Gateway-Linux,1,Uptime,543.08,seconds,,,
2013-11-01 10:09:53,1,Gateway-Linux,1,Idletime,483.78,seconds,,,
2013-11-01 10:09:53,2,Gateway-Linux,1,MPU Temp,48.7,C,,,
2013-11-01 10:10:04,3,Gateway-Linux,1,Uptime,554.13,seconds,,,
2013-11-01 10:10:04,4,Gateway-Linux,1,Idletime,494.24,seconds,,,
2013-11-01 10:10:04,5,Gateway-Linux,1,MPU Temp,48.2,C,,,
2013-11-01 10:12:08,0,Gateway-Linux,1,Uptime,678.14,seconds,,,
2013-11-01 10:12:08,1,Gateway-Linux,1,Idletime,608.37,seconds,,,
2013-11-01 10:12:08,2,Gateway-Linux,1,MPU Temp,48.7,C,,,
2013-11-01 10:14:08,0,Gateway-Linux,1,Uptime,798.81,seconds,,,
2013-11-01 10:14:08,1,Gateway-Linux,1,Idletime,717.97,seconds,,,
2013-11-01 10:14:08,2,Gateway-Linux,1,MPU Temp,49.2,C,,,
2013-11-01 10:14:14,R0,Proto,76,BATT-R,138.00,raw,,-75,0
2013-11-01 10:14:16,R9,Proto,1609,Dallas,28.31,C,,-77,0
2013-11-01 10:14:16,R9,Proto,1609,Dallas-F,82.958,F,,-77,0
2013-11-01 10:14:16,R19,Proto,3187,Dallas,28.31,C,,-82,0
2013-11-01 10:14:16,R19,Proto,3187,Dallas-F,82.958,F,,-82,0
2013-11-01 10:14:19,R22,Proto,3348,DUM,3.14,na,,-76,0
2013-11-01 10:14:19,R38,Proto,5423,MDWIND,187.00,raw,,-82,0
2013-11-01 10:14:20,R40,Proto,6367,BATT-R,139.00,raw,,-78,0
2013-11-01 10:14:21,3,Gateway-Linux,1,Uptime,811.12,seconds,,,
2013-11-01 10:14:21,4,Gateway-Linux,1,Idletime,729.96,seconds,,,
2013-11-01 10:14:21,5,Gateway-Linux,1,MPU Temp,48.7,C,,,
2013-11-01 10:14:23,R42,Proto,6504,DUM,3.14,na,,-17,0
2013-11-01 10:14:25,R63,Proto,9754,LUX,157.00,lux,,-81,0
2013-11-01 10:14:26,R79,Proto,12635,Dallas,28.38,C,,-20,0
2013-11-01 10:14:26,R79,Proto,12635,Dallas-F,83.084,F,,-20,0
2013-11-01 10:14:32,6,Gateway-Linux,1,Uptime,822.35,seconds,,,
2013-11-01 10:14:32,7,Gateway-Linux,1,Idletime,740.76,seconds,,,
2013-11-01 10:14:32,8,Gateway-Linux,1,MPU Temp,48.7,C,,,
2013-11-01 10:14:35,R83,Proto,12930,LUX,158.00,lux,,-17,0
2013-11-01 10:14:38,R138,Proto,21972,MDWIND,186.00,raw,,-77,0
2013-11-01 10:14:38,R155,Proto,24887,LUX-Infra,90.00,rawi,,-78,0
2013-11-01 10:14:40,R159,Proto,26020,Dallas,28.50,C,,-17,0
2013-11-01 10:14:40,R159,Proto,26020,Dallas-F,83.3,F,,-17,0
2013-11-01 10:14:40,R166,Proto,26558,BMP-Temp,28.12,C,,-76,0
2013-11-01 10:14:40,R166,Proto,26558,BMP-Temp-F,82.616,F,,-76,0
2013-11-01 10:14:41,R169,Proto,27613,Dallas,28.50,C,,-80,0
2013-11-01 10:14:41,R169,Proto,27613,Dallas-F,83.3,F,,-80,0
2013-11-01 10:14:42,R171,Proto,27749,BATT-V,4.83,volts,,-72,0
2013-11-01 10:14:42,R179,Proto,29139,Dallas,28.50,C,,-77,0
2013-11-01 10:14:42,R179,Proto,29139,Dallas-F,83.3,F,,-77,0
2013-11-01 10:14:43,9,Gateway-Linux,1,Uptime,833.77,seconds,,,
2013-11-01 10:14:43,10,Gateway-Linux,1,Idletime,751.70,seconds,,,
2013-11-01 10:14:43,11,Gateway-Linux,1,MPU Temp,48.7,C,,,
2013-11-01 10:14:48,R179,Proto,29139,Dallas,28.50,C,,-80,0
2013-11-01 10:14:48,R179,Proto,29139,Dallas-F,83.3,F,,-80,0
2013-11-01 10:14:49,R183,Proto,35121,LUX,152.00,lux,,-73,0
2013-11-01 10:14:51,R189,Proto,36414,Dallas,28.50,C,,-81,0
2013-11-01 10:14:51,R189,Proto,36414,Dallas-F,83.3,F,,-81,0
2013-11-01 10:14:53,R199,Proto,38001,Dallas,28.50,C,,-79,0
2013-11-01 10:14:53,R199,Proto,38001,Dallas-F,83.3,F,,-79,0
2013-11-01 10:14:54,12,Gateway-Linux,1,Uptime,844.74,seconds,,,
2013-11-01 10:14:54,13,Gateway-Linux,1,Idletime,762.35,seconds,,,
2013-11-01 10:14:54,14,Gateway-Linux,1,MPU Temp,48.7,C,,,
2013-11-01 10:14:58,R216,Proto,40111,BMP-Temp,28.14,C,,-77,0
2013-11-01 10:14:58,R216,Proto,40111,BMP-Temp-F,82.652,F,,-77,0
2013-11-01 10:15:00,R229,Proto,45743,Dallas,28.50,C,,-80,0
2013-11-01 10:15:00,R229,Proto,45743,Dallas-F,83.3,F,,-80,0
2013-11-01 10:15:02,R239,Proto,47328,Dallas,28.50,C,,-80,0
2013-11-01 10:15:02,R239,Proto,47328,Dallas-F,83.3,F,,-80,0
2013-11-01 10:15:03,R249,Proto,48918,Dallas,28.56,C,,-76,0
2013-11-01 10:15:03,R249,Proto,48918,Dallas-F,83.408,F,,-76,0
2013-11-01 10:15:04,R259,Proto,50503,Dallas,28.50,C,,-76,0
2013-11-01 10:15:04,R259,Proto,50503,Dallas-F,83.3,F,,-76,0
2013-11-01 10:15:05,15,Gateway-Linux,1,Uptime,855.54,seconds,,,
2013-11-01 10:15:05,16,Gateway-Linux,1,Idletime,772.69,seconds,,,
2013-11-01 10:15:05,17,Gateway-Linux,1,MPU Temp,48.7,C,,,
2013-11-01 10:15:05,R263,Proto,50796,LUX,147.00,lux,,-81,0
2013-11-01 10:15:06,R269,Proto,52194,Dallas,28.56,C,,-17,0
2013-11-01 10:15:06,R269,Proto,52194,Dallas-F,83.408,F,,-17,0
2013-11-01 10:15:06,R273,Proto,52445,LUX,147.00,lux,,-79,0
2013-11-01 10:15:07,R278,Proto,52828,MDWIND,183.00,raw,,-79,0
2013-11-01 10:15:08,R279,Proto,53709,Dallas,28.56,C,,-75,0
2013-11-01 10:15:08,R279,Proto,53709,Dallas-F,83.408,F,,-75,0
2013-11-01 10:15:09,R289,Proto,55282,Dallas,28.56,C,,-80,0
2013-11-01 10:15:09,R289,Proto,55282,Dallas-F,83.408,F,,-80,0
2013-11-01 10:15:11,R293,Proto,55554,LUX,146.00,lux,,-79,0
2013-11-01 10:15:12,R309,Proto,58436,Dallas,28.63,C,,-71,0
2013-11-01 10:15:12,R309,Proto,58436,Dallas-F,83.534,F,,-71,0
2013-11-01 10:15:14,R319,Proto,60020,Dallas,28.56,C,,-79,0
2013-11-01 10:15:14,R319,Proto,60020,Dallas-F,83.408,F,,-79,0
2013-11-01 10:15:15,R329,Proto,61603,Dallas,28.56,C,,-80,0
2013-11-01 10:15:15,R329,Proto,61603,Dallas-F,83.408,F,,-80,0
2013-11-01 10:15:16,18,Gateway-Linux,1,Uptime,866.24,seconds,,,
2013-11-01 10:15:16,19,Gateway-Linux,1,Idletime,783.08,seconds,,,
2013-11-01 10:15:16,20,Gateway-Linux,1,MPU Temp,48.7,C,,,
2013-11-01 10:15:20,R329,Proto,61603,Dallas,28.56,C,,-73,0
2013-11-01 10:15:20,R329,Proto,61603,Dallas-F,83.408,F,,-73,0
2013-11-01 10:15:21,R356,Proto,67257,BMP-Temp,28.21,C,,-76,0
2013-11-01 10:15:21,R356,Proto,67257,BMP-Temp-F,82.778,F,,-76,0
2013-11-01 10:15:22,R359,Proto,68314,Dallas,28.63,C,,-77,0
2013-11-01 10:15:22,R359,Proto,68314,Dallas-F,83.534,F,,-77,0
2013-11-01 10:15:23,R364,Proto,68696,LUX-Broad,265.00,rawb,,-72,0
2013-11-01 10:15:27,R369,Proto,70899,Dallas,28.63,C,,-79,0
2013-11-01 10:15:27,R369,Proto,70899,Dallas-F,83.534,F,,-79,0
2013-11-01 10:15:28,21,Gateway-Linux,1,Uptime,878.70,seconds,,,
2013-11-01 10:15:28,22,Gateway-Linux,1,Idletime,795.17,seconds,,,
2013-11-01 10:15:28,23,Gateway-Linux,1,MPU Temp,48.7,C,,,
2013-11-01 10:15:28,R389,Proto,74074,Dallas,28.63,C,,-76,0
2013-11-01 10:15:28,R389,Proto,74074,Dallas-F,83.534,F,,-76,0
2013-11-01 10:15:30,R399,Proto,75660,Dallas,28.63,C,,-73,0
2013-11-01 10:15:30,R399,Proto,75660,Dallas-F,83.534,F,,-73,0
2013-11-01 10:15:30,R409,Proto,77191,Dallas,28.63,C,,-80,0
2013-11-01 10:15:30,R409,Proto,77191,Dallas-F,83.534,F,,-80,0
2013-11-01 10:15:31,R410,Proto,77264,BATT-R,136.00,raw,,-79,0
2013-11-01 10:15:32,R415,Proto,77592,LUX-Infra,81.00,rawi,,-75,0
2013-11-01 10:15:32,R419,Proto,78733,Dallas,28.63,C,,-80,0
2013-11-01 10:15:32,R419,Proto,78733,Dallas-F,83.534,F,,-80,0
2013-11-01 10:15:32,R424,Proto,79118,LUX-Broad,266.00,rawb,,-81,0
2013-11-01 10:15:34,R425,Proto,79190,LUX-Infra,80.00,rawi,,-17,0
2013-11-01 10:15:34,R434,Proto,80706,LUX-Broad,268.00,rawb,,-76,0
2013-11-01 10:15:37,R439,Proto,81909,Dallas,28.63,C,,-79,0
2013-11-01 10:15:37,R439,Proto,81909,Dallas-F,83.534,F,,-79,0
2013-11-01 10:15:38,R454,Proto,83851,LUX-Broad,268.00,rawb,,-72,0
2013-11-01 10:15:38,R459,Proto,85058,Dallas,28.63,C,,-79,0
2013-11-01 10:15:38,R459,Proto,85058,Dallas-F,83.534,F,,-79,0
2013-11-01 10:15:39,R460,Proto,85125,BATT-R,138.00,raw,,-82,0
2013-11-01 10:15:40,24,Gateway-Linux,1,Uptime,890.10,seconds,,,
2013-11-01 10:15:40,25,Gateway-Linux,1,Idletime,806.09,seconds,,,
2013-11-01 10:15:40,26,Gateway-Linux,1,MPU Temp,48.7,C,,,
2013-11-01 10:15:41,R464,Proto,85436,LUX-Broad,269.00,rawb,,-73,0
2013-11-01 10:15:42,R479,Proto,88194,Dallas,28.56,C,,-79,0
2013-11-01 10:15:42,R479,Proto,88194,Dallas-F,83.408,F,,-79,0
2013-11-01 10:15:43,R489,Proto,89729,Dallas,28.56,C,,-77,0
2013-11-01 10:15:43,R489,Proto,89729,Dallas-F,83.408,F,,-77,0
2013-11-01 10:15:44,R493,Proto,89997,LUX,144.00,lux,,-78,0
2013-11-01 10:15:45,R499,Proto,91234,Dallas,28.56,C,,-77,0
2013-11-01 10:15:45,R499,Proto,91234,Dallas-F,83.408,F,,-77,0
2013-11-01 10:15:45,R506,Proto,91738,BMP-Temp,28.22,C,,-76,0
2013-11-01 10:15:45,R506,Proto,91738,BMP-Temp-F,82.796,F,,-76,0
2013-11-01 10:15:46,R507,Proto,91843,BMP-Pressure,99636.00,Pa,,-76,0
2013-11-01 10:15:46,R510,Proto,92869,BATT-R,136.00,raw,,-78,0
2013-11-01 10:15:47,R512,Proto,92986,DUM,3.14,na,,-80,0
2013-11-01 10:15:49,R519,Proto,94363,Dallas,28.56,C,,-75,0
2013-11-01 10:15:49,R519,Proto,94363,Dallas-F,83.408,F,,-75,0
2013-11-01 10:15:51,27,Gateway-Linux,1,Uptime,901.65,seconds,,,
2013-11-01 10:15:51,28,Gateway-Linux,1,Idletime,817.11,seconds,,,
2013-11-01 10:15:51,29,Gateway-Linux,1,MPU Temp,48.7,C,,,
2013-11-01 10:15:54,R529,Proto,95945,Dallas,28.56,C,,-74,0
2013-11-01 10:15:54,R529,Proto,95945,Dallas-F,83.408,F,,-74,0
2013-11-01 10:15:56,R559,Proto,100709,Dallas,28.63,C,,-81,0
2013-11-01 10:15:56,R559,Proto,100709,Dallas-F,83.534,F,,-81,0
2013-11-01 10:15:57,R571,Proto,102447,BATT-V,4.83,volts,,-75,0
2013-11-01 10:15:57,R579,Proto,103896,Dallas,28.63,C,,-78,0
2013-11-01 10:15:57,R579,Proto,103896,Dallas-F,83.534,F,,-78,0
2013-11-01 10:15:57,R582,Proto,104107,DUM,3.14,na,,-74,0
2013-11-01 10:16:02,30,Gateway-Linux,1,Uptime,912.92,seconds,,,
2013-11-01 10:16:02,31,Gateway-Linux,1,Idletime,827.96,seconds,,,
2013-11-01 10:16:02,32,Gateway-Linux,1,MPU Temp,48.7,C,,,
2013-11-01 10:16:04,R584,Proto,104226,LUX-Broad,263.00,rawb,,-73,0
2013-11-01 10:16:06,R629,Proto,111815,Dallas,28.56,C,,-81,0
2013-11-01 10:16:06,R629,Proto,111815,Dallas-F,83.408,F,,-81,0
2013-11-01 10:16:09,R639,Proto,113410,Dallas,28.50,C,,-76,0
2013-11-01 10:16:09,R639,Proto,113410,Dallas-F,83.3,F,,-76,0
2013-11-01 10:16:13,33,Gateway-Linux,1,Uptime,923.77,seconds,,,
2013-11-01 10:16:13,34,Gateway-Linux,1,Idletime,838.50,seconds,,,
2013-11-01 10:16:13,35,Gateway-Linux,1,MPU Temp,48.7,C,,,
2013-11-01 10:16:15,R657,Proto,115646,BMP-Pressure,99640.00,Pa,,-75,0
2013-11-01 10:16:16,R679,Proto,122276,Dallas,28.50,C,,-76,0
2013-11-01 10:16:16,R679,Proto,122276,Dallas-F,83.3,F,,-76,0
2013-11-01 10:16:19,R689,Proto,123881,Dallas,28.56,C,,-79,0
2013-11-01 10:16:19,R689,Proto,123881,Dallas-F,83.408,F,,-79,0
2013-11-01 10:16:22,R709,Proto,127067,Dallas,28.56,C,,-17,99
2013-11-01 10:16:22,R709,Proto,127067,Dallas-F,83.408,F,,-17,99
2013-11-01 10:16:22,R719,Proto,128613,Dallas,28.56,C,,-82,0
2013-11-01 10:16:22,R719,Proto,128613,Dallas-F,83.408,F,,-82,0
2013-11-01 10:16:23,R729,Proto,130203,Dallas,28.56,C,,-80,0
2013-11-01 10:16:23,R729,Proto,130203,Dallas-F,83.408,F,,-80,0
2013-11-01 10:16:24,R730,Proto,130282,BATT-R,136.00,raw,,-70,0
2013-11-01 10:16:25,R739,Proto,131804,Dallas,28.56,C,,-73,0
2013-11-01 10:16:25,R739,Proto,131804,Dallas-F,83.408,F,,-73,0
2013-11-01 10:16:26,R744,Proto,132190,LUX-Broad,262.00,rawb,,-83,0
2013-11-01 10:16:27,36,Gateway-Linux,1,Uptime,937.14,seconds,,,
2013-11-01 10:16:27,37,Gateway-Linux,1,Idletime,851.20,seconds,,,
2013-11-01 10:16:27,38,Gateway-Linux,1,MPU Temp,49.2,C,,,
2013-11-01 10:16:30,R748,Proto,132515,MDWIND,186.00,raw,,-17,0
2013-11-01 10:16:31,R759,Proto,136744,Dallas,28.44,C,,-80,0
2013-11-01 10:16:31,R759,Proto,136744,Dallas-F,83.192,F,,-80,0
2013-11-01 10:16:33,R769,Proto,138341,Dallas,28.44,C,,-78,0
2013-11-01 10:16:33,R769,Proto,138341,Dallas-F,83.192,F,,-78,0
2013-11-01 10:16:34,R779,Proto,139933,Dallas,28.44,C,,-73,0
2013-11-01 10:16:34,R779,Proto,139933,Dallas-F,83.192,F,,-73,0
2013-11-01 10:16:36,R789,Proto,141528,Dallas,28.50,C,,-80,0
2013-11-01 10:16:36,R789,Proto,141528,Dallas-F,83.3,F,,-80,0
2013-11-01 10:23:17,R2969,Proto,540328,Dallas,28.88,C,,-74,0
2013-11-01 10:23:17,R2969,Proto,540328,Dallas-F,83.984,F,,-74,0
2013-11-01 10:23:18,0,Gateway-Linux,1,Uptime,1348.34,seconds,,,
2013-11-01 10:23:18,1,Gateway-Linux,1,Idletime,1245.36,seconds,,,
2013-11-01 10:23:18,2,Gateway-Linux,1,MPU Temp,49.2,C,,,
2013-11-01 10:23:18,R2989,Proto,543519,Dallas,28.88,C,,-80,0
2013-11-01 10:23:18,R2989,Proto,543519,Dallas-F,83.984,F,,-80,0
2013-11-01 10:23:19,R2999,Proto,545116,Dallas,28.88,C,,-78,0
2013-11-01 10:23:19,R2999,Proto,545116,Dallas-F,83.984,F,,-78,0
2013-11-01 10:23:21,R3006,Proto,545605,BMP-Temp,28.46,C,,-77,0
2013-11-01 10:23:21,R3006,Proto,545605,BMP-Temp-F,83.228,F,,-77,0
2013-11-01 10:23:22,R3019,Proto,548257,Dallas,28.94,C,,-77,0
2013-11-01 10:23:22,R3019,Proto,548257,Dallas-F,84.092,F,,-77,0
2013-11-01 10:25:37,0,Gateway-Linux,1,Uptime,116.34,seconds,,,
2013-11-01 10:25:37,1,Gateway-Linux,1,Idletime,72.31,seconds,,,
2013-11-01 10:25:38,2,Gateway-Linux,1,MPU Temp,50.3,C,,,
2013-11-01 10:25:48,3,Gateway-Linux,1,Uptime,126.56,seconds,,,
2013-11-01 10:25:48,4,Gateway-Linux,1,Idletime,80.03,seconds,,,
2013-11-01 10:25:48,5,Gateway-Linux,1,MPU Temp,49.2,C,,,
2013-11-01 10:26:04,R99,Proto,18171,Dallas,29.00,C,,-80,0
2013-11-01 10:26:04,R99,Proto,18171,Dallas-F,84.2,F,,-80,0
2013-11-01 10:26:05,R106,Proto,18703,BMP-Temp,28.56,C,,-78,0
2013-11-01 10:26:05,R106,Proto,18703,BMP-Temp-F,83.408,F,,-78,0
2013-11-01 10:26:06,R109,Proto,19731,Dallas,29.00,C,,-75,0
2013-11-01 10:26:06,R109,Proto,19731,Dallas-F,84.2,F,,-75,0
2013-11-01 10:26:07,R119,Proto,21319,Dallas,29.00,C,,-76,0
2013-11-01 10:26:07,R119,Proto,21319,Dallas-F,84.2,F,,-76,0
2013-11-01 10:26:08,R121,Proto,21463,BATT-V,4.79,volts,,-80,0
2013-11-01 10:26:10,0,Gateway-Linux,1,Uptime,149.00,seconds,,,
2013-11-01 10:26:10,1,Gateway-Linux,1,Idletime,99.62,seconds,,,
2013-11-01 10:26:10,2,Gateway-Linux,1,MPU Temp,49.2,C,,,
2013-11-01 10:26:14,R129,Proto,23367,Dallas,29.00,C,,-78,0
2013-11-01 10:26:14,R129,Proto,23367,Dallas-F,84.2,F,,-78,0
2013-11-01 10:26:15,R166,Proto,28655,BMP-Temp,28.58,C,,-82,0
2013-11-01 10:26:15,R166,Proto,28655,BMP-Temp-F,83.444,F,,-82,0
2013-11-01 10:26:16,R169,Proto,29705,Dallas,28.94,C,,-80,0
2013-11-01 10:26:16,R169,Proto,29705,Dallas-F,84.092,F,,-80,0
2013-11-01 10:26:18,R179,Proto,31291,Dallas,28.94,C,,-69,0
2013-11-01 10:26:18,R179,Proto,31291,Dallas-F,84.092,F,,-69,0
2013-11-01 10:26:19,R189,Proto,32880,Dallas,28.94,C,,-76,0
2013-11-01 10:26:19,R189,Proto,32880,Dallas-F,84.092,F,,-76,0
2013-11-01 10:26:20,R199,Proto,34462,Dallas,28.94,C,,-80,0
2013-11-01 10:26:20,R199,Proto,34462,Dallas-F,84.092,F,,-80,0
2013-11-01 10:26:21,3,Gateway-Linux,1,Uptime,160.11,seconds,,,
2013-11-01 10:26:21,4,Gateway-Linux,1,Idletime,110.29,seconds,,,
2013-11-01 10:26:21,5,Gateway-Linux,1,MPU Temp,48.7,C,,,
2013-11-01 10:26:28,R200,Proto,34536,BATT-R,136.00,raw,,-75,0
2013-11-01 10:26:29,R209,Proto,42300,Dallas,28.94,C,,-78,0
2013-11-01 10:26:29,R209,Proto,42300,Dallas-F,84.092,F,,-78,0
2013-11-01 10:26:29,R217,Proto,42937,BMP-Pressure,99616.00,Pa,,-83,0
2013-11-01 10:26:32,6,Gateway-Linux,1,Uptime,170.45,seconds,,,
2013-11-01 10:26:32,7,Gateway-Linux,1,Idletime,120.38,seconds,,,
2013-11-01 10:26:32,8,Gateway-Linux,1,MPU Temp,49.2,C,,,
2013-11-01 10:26:34,R219,Proto,43889,Dallas,28.88,C,,-80,0
2013-11-01 10:26:34,R219,Proto,43889,Dallas-F,83.984,F,,-80,0
2013-11-01 10:26:36,R249,Proto,48647,Dallas,28.88,C,,-79,0
2013-11-01 10:26:36,R249,Proto,48647,Dallas-F,83.984,F,,-79,0
2013-11-01 10:26:36,R264,Proto,50618,LUX-Broad,269.00,rawb,,-25,0
2013-11-01 10:26:44,9,Gateway-Linux,1,Uptime,182.69,seconds,,,
2013-11-01 10:26:44,10,Gateway-Linux,1,Idletime,132.27,seconds,,,
2013-11-01 10:26:44,11,Gateway-Linux,1,MPU Temp,49.8,C,,,
2013-11-01 10:26:45,R266,Proto,50766,BMP-Temp,28.56,C,,-74,0
2013-11-01 10:26:45,R266,Proto,50766,BMP-Temp-F,83.408,F,,-74,0
2013-11-01 10:26:48,R319,Proto,60166,Dallas,28.94,C,,-75,0
2013-11-01 10:26:48,R319,Proto,60166,Dallas-F,84.092,F,,-75,0
2013-11-01 10:26:54,R338,Proto,62462,MDWIND,185.00,raw,,-75,0
2013-11-01 10:26:55,12,Gateway-Linux,1,Uptime,194.05,seconds,,,
2013-11-01 10:26:55,13,Gateway-Linux,1,Idletime,143.23,seconds,,,
2013-11-01 10:26:55,14,Gateway-Linux,1,MPU Temp,49.8,C,,,
2013-11-01 10:26:58,R339,Proto,68491,Dallas,28.88,C,,-73,0
2013-11-01 10:26:58,R339,Proto,68491,Dallas-F,83.984,F,,-73,0
2013-11-01 10:26:59,R369,Proto,73204,Dallas,28.88,C,,-75,0
2013-11-01 10:26:59,R369,Proto,73204,Dallas-F,83.984,F,,-75,0
2013-11-01 10:26:59,R374,Proto,73583,LUX-Broad,263.00,rawb,,-80,0
2013-11-01 10:27:00,R376,Proto,73733,BMP-Temp,28.51,C,,-83,0
2013-11-01 10:27:00,R376,Proto,73733,BMP-Temp-F,83.318,F,,-83,0
2013-11-01 10:27:01,R379,Proto,74788,Dallas,28.88,C,,-77,0
2013-11-01 10:27:01,R379,Proto,74788,Dallas-F,83.984,F,,-77,0
2013-11-01 10:27:03,R384,Proto,75173,LUX-Broad,264.00,rawb,,-20,0
2013-11-01 10:27:06,15,Gateway-Linux,1,Uptime,204.53,seconds,,,
2013-11-01 10:27:06,16,Gateway-Linux,1,Idletime,153.31,seconds,,,
2013-11-01 10:27:06,17,Gateway-Linux,1,MPU Temp,49.2,C,,,
2013-11-01 10:27:08,R396,Proto,76911,BMP-Temp,28.51,C,,-78,0
2013-11-01 10:27:08,R396,Proto,76911,BMP-Temp-F,83.318,F,,-78,0
2013-11-01 10:27:08,R428,Proto,81846,MDWIND,185.00,raw,,-80,0
2013-11-01 10:27:08,R429,Proto,82727,Dallas,28.88,C,,-76,0
2013-11-01 10:27:08,R429,Proto,82727,Dallas-F,83.984,F,,-76,0
2013-11-01 10:27:10,R430,Proto,82802,BATT-R,135.00,raw,,-74,0
2013-11-01 10:27:11,R439,Proto,84316,Dallas,28.88,C,,-80,0
2013-11-01 10:27:11,R439,Proto,84316,Dallas-F,83.984,F,,-80,0
2013-11-01 10:27:12,R449,Proto,85903,Dallas,28.88,C,,-79,0
2013-11-01 10:27:12,R449,Proto,85903,Dallas-F,83.984,F,,-79,0
2013-11-01 10:27:13,R455,Proto,86349,LUX-Infra,79.00,rawi,,-73,0
2013-11-01 10:27:13,R459,Proto,87486,Dallas,28.88,C,,-78,0
2013-11-01 10:27:13,R459,Proto,87486,Dallas-F,83.984,F,,-78,0
2013-11-01 10:27:14,R461,Proto,87604,BATT-V,4.79,volts,,-81,0
2013-11-01 10:27:16,R469,Proto,89050,Dallas,28.81,C,,-74,0
2013-11-01 10:27:16,R469,Proto,89050,Dallas-F,83.858,F,,-74,0
2013-11-01 10:27:17,R479,Proto,90635,Dallas,28.81,C,,-82,0
2013-11-01 10:27:17,R479,Proto,90635,Dallas-F,83.858,F,,-82,0
2013-11-01 10:27:19,R489,Proto,92224,Dallas,28.81,C,,-75,0
2013-11-01 10:27:19,R489,Proto,92224,Dallas-F,83.858,F,,-75,0
2013-11-01 10:27:20,R499,Proto,93809,Dallas,28.88,C,,-76,0
2013-11-01 10:27:20,R499,Proto,93809,Dallas-F,83.984,F,,-76,0
2013-11-01 10:27:22,18,Gateway-Linux,1,Uptime,220.94,seconds,,,
2013-11-01 10:27:22,19,Gateway-Linux,1,Idletime,168.68,seconds,,,
2013-11-01 10:27:22,20,Gateway-Linux,1,MPU Temp,49.2,C,,,
2013-11-01 10:27:23,R509,Proto,95365,Dallas,28.81,C,,-25,0
2013-11-01 10:27:23,R509,Proto,95365,Dallas-F,83.858,F,,-25,0
2013-11-01 10:27:24,R522,Proto,97165,DUM,3.14,na,,-83,0
2013-11-01 10:27:26,R529,Proto,98539,Dallas,28.81,C,,-72,0
2013-11-01 10:27:26,R529,Proto,98539,Dallas-F,83.858,F,,-72,0
2013-11-01 10:27:26,R539,Proto,100124,Dallas,28.88,C,,-80,0
2013-11-01 10:27:26,R539,Proto,100124,Dallas-F,83.984,F,,-80,0
2013-11-01 10:27:26,R543,Proto,100418,LUX,144.00,lux,,-73,0
2013-11-01 10:27:28,R547,Proto,100755,BMP-Pressure,99611.00,Pa,,-71,0
2013-11-01 10:27:32,R552,Proto,101871,DUM,3.14,na,,-75,0
2013-11-01 10:27:34,R569,Proto,107095,Dallas,28.88,C,,-82,0
2013-11-01 10:27:34,R569,Proto,107095,Dallas-F,83.984,F,,-82,0
2013-11-01 10:27:35,R579,Proto,108691,Dallas,28.88,C,,-17,0
2013-11-01 10:27:35,R579,Proto,108691,Dallas-F,83.984,F,,-17,0
2013-11-01 10:27:35,R586,Proto,109225,BMP-Temp,28.56,C,,-75,0
2013-11-01 10:27:35,R586,Proto,109225,BMP-Temp-F,83.408,F,,-75,0
2013-11-01 10:27:36,R589,Proto,110282,Dallas,28.88,C,,-80,0
2013-11-01 10:27:36,R589,Proto,110282,Dallas-F,83.984,F,,-80,0
2013-11-01 10:27:37,21,Gateway-Linux,1,Uptime,236.02,seconds,,,
2013-11-01 10:27:37,22,Gateway-Linux,1,Idletime,183.04,seconds,,,
2013-11-01 10:27:37,23,Gateway-Linux,1,MPU Temp,48.7,C,,,
2013-11-01 10:27:40,R591,Proto,110427,BATT-V,4.79,volts,,-75,0
2013-11-01 10:27:42,R609,Proto,115287,Dallas,28.88,C,,-75,0
2013-11-01 10:27:42,R609,Proto,115287,Dallas-F,83.984,F,,-75,0
2013-11-01 10:27:43,R619,Proto,116881,Dallas,28.88,C,,-21,0
2013-11-01 10:27:43,R619,Proto,116881,Dallas-F,83.984,F,,-21,0
2013-11-01 10:27:46,R625,Proto,117340,LUX-Infra,78.00,rawi,,-70,0
2013-11-01 10:27:48,24,Gateway-Linux,1,Uptime,246.65,seconds,,,
2013-11-01 10:27:48,25,Gateway-Linux,1,Idletime,193.39,seconds,,,
2013-11-01 10:27:48,26,Gateway-Linux,1,MPU Temp,49.2,C,,,
2013-11-01 10:27:49,R639,Proto,120069,Dallas,28.88,C,,-78,0
2013-11-01 10:27:49,R639,Proto,120069,Dallas-F,83.984,F,,-78,0
2013-11-01 10:27:49,R661,Proto,123402,BATT-V,4.79,volts,,-75,0
2013-11-01 10:27:55,R663,Proto,123532,LUX,146.00,lux,,-70,0
2013-11-01 10:27:55,R699,Proto,129608,Dallas,28.94,C,,-77,0
2013-11-01 10:27:55,R699,Proto,129608,Dallas-F,84.092,F,,-77,0
2013-11-01 10:27:59,27,Gateway-Linux,1,Uptime,258.25,seconds,,,
2013-11-01 10:27:59,28,Gateway-Linux,1,Idletime,204.65,seconds,,,
2013-11-01 10:27:59,29,Gateway-Linux,1,MPU Temp,49.8,C,,,
2013-11-01 10:28:00,R700,Proto,129657,BATT-R,142.00,raw,,-76,0
2013-11-01 10:28:04,R733,Proto,134666,LUX,148.00,lux,,-72,0
2013-11-01 10:28:05,R756,Proto,138100,BMP-Temp,28.56,C,,-76,0
2013-11-01 10:28:05,R756,Proto,138100,BMP-Temp-F,83.408,F,,-76,0
2013-11-01 10:28:06,R766,Proto,139640,BMP-Temp,28.58,C,,-79,0
2013-11-01 10:28:06,R766,Proto,139640,BMP-Temp-F,83.444,F,,-79,0
2013-11-01 10:28:08,R769,Proto,140667,Dallas,28.94,C,,-72,0
2013-11-01 10:28:08,R769,Proto,140667,Dallas-F,84.092,F,,-72,0
2013-11-01 10:28:08,R783,Proto,142566,LUX,147.00,lux,,-77,0
2013-11-01 10:29:40,0,Gateway-Linux,1,Uptime,358.41,seconds,,,
2013-11-01 10:29:40,1,Gateway-Linux,1,Idletime,295.88,seconds,,,
2013-11-01 10:29:40,2,Gateway-Linux,1,MPU Temp,49.8,C,,,
2013-11-01 10:30:01,R1447,Proto,253192,BMP-Pressure,99619.00,Pa,,-75,0
2013-11-01 10:30:02,R1459,Proto,255739,Dallas,28.94,C,,-79,0
2013-11-01 10:30:02,R1459,Proto,255739,Dallas-F,84.092,F,,-79,0
2013-11-01 10:30:03,R1464,Proto,256131,LUX-Broad,258.00,rawb,,-79,0
2013-11-01 10:32:29,R2289,Proto,401105,Dallas,29.13,C,,-75,0
2013-11-01 10:32:29,R2289,Proto,401105,Dallas-F,84.434,F,,-75,0
2013-11-01 10:32:29,R2300,Proto,402776,BATT-R,135.00,raw,,-78,0
2013-11-01 10:32:31,0,Gateway-Linux,1,Uptime,530.04,seconds,,,
2013-11-01 10:32:31,1,Gateway-Linux,1,Idletime,451.77,seconds,,,
2013-11-01 10:32:31,2,Gateway-Linux,1,MPU Temp,49.2,C,,,
2013-11-01 10:34:42,0,Gateway-Linux,1,Uptime,111.89,seconds,,,
2013-11-01 10:34:42,1,Gateway-Linux,1,Idletime,67.96,seconds,,,
2013-11-01 10:34:42,2,Gateway-Linux,1,MPU Temp,49.8,C,,,
2013-11-01 10:34:43,R3049,Proto,534440,Dallas,29.19,C,,-76,0
2013-11-01 10:34:43,R3049,Proto,534440,Dallas-F,84.542,F,,-76,0
2013-11-01 10:34:44,R3069,Proto,537645,Dallas,29.19,C,,-76,0
2013-11-01 10:34:44,R3069,Proto,537645,Dallas-F,84.542,F,,-76,0
2013-11-01 10:34:46,R3078,Proto,538357,MDWIND,182.00,raw,,-78,0
2013-11-01 10:34:51,R3089,Proto,540849,Dallas,29.19,C,,-73,0
2013-11-01 10:34:51,R3089,Proto,540849,Dallas-F,84.542,F,,-73,0
2013-11-01 10:34:52,R3119,Proto,545646,Dallas,29.13,C,,-81,0
2013-11-01 10:34:52,R3119,Proto,545646,Dallas-F,84.434,F,,-81,0
2013-11-01 10:34:54,3,Gateway-Linux,1,Uptime,123.70,seconds,,,
2013-11-01 10:34:54,4,Gateway-Linux,1,Idletime,78.39,seconds,,,
2013-11-01 10:34:54,5,Gateway-Linux,1,MPU Temp,49.8,C,,,
2013-11-01 10:34:55,R3129,Proto,547240,Dallas,29.13,C,,-81,0
2013-11-01 10:34:55,R3129,Proto,547240,Dallas-F,84.434,F,,-81,0
2013-11-01 10:34:56,R3141,Proto,548930,BATT-V,4.79,volts,,-76,0
2013-11-01 10:34:57,R3149,Proto,550384,Dallas,29.13,C,,-77,0
2013-11-01 10:34:57,R3149,Proto,550384,Dallas-F,84.434,F,,-77,0
2013-11-01 10:34:57,R3158,Proto,551048,MDWIND,187.00,raw,,-81,0
2013-11-01 10:35:01,R3159,Proto,551929,Dallas,29.13,C,,-75,0
2013-11-01 10:35:01,R3159,Proto,551929,Dallas-F,84.434,F,,-75,0
2013-11-01 10:35:04,R3179,Proto,556338,Dallas,29.13,C,,-82,0
2013-11-01 10:35:04,R3179,Proto,556338,Dallas-F,84.434,F,,-82,0
2013-11-01 10:35:05,6,Gateway-Linux,1,Uptime,134.74,seconds,,,
2013-11-01 10:35:05,7,Gateway-Linux,1,Idletime,87.97,seconds,,,
2013-11-01 10:35:05,8,Gateway-Linux,1,MPU Temp,48.7,C,,,
2013-11-01 10:35:05,R3194,Proto,558272,LUX-Broad,309.00,rawb,,-81,0
2013-11-01 10:48:34,0,Gateway-Linux,1,Uptime,943.33,seconds,,,
2013-11-01 10:48:34,1,Gateway-Linux,1,Idletime,846.32,seconds,,,
2013-11-01 10:48:34,2,Gateway-Linux,1,MPU Temp,49.2,C,,,
2013-11-01 10:48:51,0,Gateway-Linux,1,Uptime,961.03,seconds,,,
2013-11-01 10:48:51,1,Gateway-Linux,1,Idletime,861.36,seconds,,,
2013-11-01 10:48:51,2,Gateway-Linux,1,MPU Temp,49.8,C,,,
2013-11-01 10:49:20,0,Gateway-Linux,1,Uptime,989.74,seconds,,,
2013-11-01 10:49:20,1,Gateway-Linux,1,Idletime,885.21,seconds,,,
2013-11-01 10:49:20,2,Gateway-Linux,1,MPU Temp,49.8,C,,,
2013-11-01 10:49:31,3,Gateway-Linux,1,Uptime,1000.82,seconds,,,
2013-11-01 10:49:31,4,Gateway-Linux,1,Idletime,896.09,seconds,,,
2013-11-01 10:49:31,5,Gateway-Linux,1,MPU Temp,48.7,C,,,
2013-11-01 10:49:37,R0,Proto,76,BATT-R,137.00,raw,,-77,0
2013-11-01 10:49:39,R9,Proto,1613,Dallas,28.69,C,,-77,0
2013-11-01 10:49:39,R9,Proto,1613,Dallas-F,83.642,F,,-77,0
2013-11-01 10:49:42,6,Gateway-Linux,1,Uptime,1011.46,seconds,,,
2013-11-01 10:49:42,7,Gateway-Linux,1,Idletime,906.24,seconds,,,
2013-11-01 10:49:42,8,Gateway-Linux,1,MPU Temp,48.7,C,,,
2013-11-01 10:49:45,R19,Proto,3198,Dallas,28.69,C,,-72,0
2013-11-01 10:49:45,R19,Proto,3198,Dallas-F,83.642,F,,-72,0
2013-11-01 10:49:48,R59,Proto,9545,Dallas,28.75,C,,-80,0
2013-11-01 10:49:48,R59,Proto,9545,Dallas-F,83.75,F,,-80,0
2013-11-01 10:49:49,R79,Proto,12720,Dallas,28.75,C,,-20,0
2013-11-01 10:49:49,R79,Proto,12720,Dallas-F,83.75,F,,-20,0
2013-11-01 10:49:52,R83,Proto,13015,LUX,153.00,lux,,-75,0
2013-11-01 10:49:54,9,Gateway-Linux,1,Uptime,1023.74,seconds,,,
2013-11-01 10:49:54,10,Gateway-Linux,1,Idletime,918.24,seconds,,,
2013-11-01 10:49:54,11,Gateway-Linux,1,MPU Temp,48.7,C,,,
2013-11-01 10:49:57,R109,Proto,17479,Dallas,28.75,C,,-77,0
2013-11-01 10:49:57,R109,Proto,17479,Dallas-F,83.75,F,,-77,0
2013-11-01 10:49:59,R139,Proto,22239,Dallas,28.75,C,,-76,0
2013-11-01 10:49:59,R139,Proto,22239,Dallas-F,83.75,F,,-76,0
2013-11-01 10:50:03,R149,Proto,23827,Dallas,28.75,C,,-73,0
2013-11-01 10:50:03,R149,Proto,23827,Dallas-F,83.75,F,,-73,0
2013-11-01 10:50:03,R169,Proto,26997,Dallas,28.69,C,,-20,0
2013-11-01 10:50:03,R169,Proto,26997,Dallas-F,83.642,F,,-20,0
2013-11-01 10:50:03,R175,Proto,27450,LUX-Infra,91.00,rawi,,-75,0
2013-11-01 10:50:05,R179,Proto,28584,Dallas,28.69,C,,-75,0
2013-11-01 10:50:05,R179,Proto,28584,Dallas-F,83.642,F,,-75,0
2013-11-01 10:50:06,R189,Proto,30171,Dallas,28.69,C,,-74,0
2013-11-01 10:50:06,R189,Proto,30171,Dallas-F,83.642,F,,-74,0
2013-11-01 10:50:07,12,Gateway-Linux,1,Uptime,1036.94,seconds,,,
2013-11-01 10:50:07,13,Gateway-Linux,1,Idletime,930.95,seconds,,,
2013-11-01 10:50:07,14,Gateway-Linux,1,MPU Temp,49.2,C,,,
2013-11-01 10:50:09,R196,Proto,30670,BMP-Temp,28.33,C,,-77,0
2013-11-01 10:50:09,R196,Proto,30670,BMP-Temp-F,82.994,F,,-77,0
2013-11-01 10:50:15,R213,Proto,33605,LUX,155.00,lux,,-75,0
2013-11-01 10:50:16,R249,Proto,39668,Dallas,28.69,C,,-82,0
2013-11-01 10:50:16,R249,Proto,39668,Dallas-F,83.642,F,,-82,0
2013-11-01 10:50:18,15,Gateway-Linux,1,Uptime,1047.47,seconds,,,
2013-11-01 10:50:18,16,Gateway-Linux,1,Idletime,941.05,seconds,,,
2013-11-01 10:50:18,17,Gateway-Linux,1,MPU Temp,49.2,C,,,
2013-11-01 10:50:20,R259,Proto,41199,Dallas,28.69,C,,-80,0
2013-11-01 10:50:20,R259,Proto,41199,Dallas-F,83.642,F,,-80,0
2013-11-01 10:50:21,R279,Proto,44368,Dallas,28.69,C,,-76,0
2013-11-01 10:50:21,R279,Proto,44368,Dallas-F,83.642,F,,-76,0
2013-11-01 10:50:23,R289,Proto,45957,Dallas,28.69,C,,-80,0
2013-11-01 10:50:23,R289,Proto,45957,Dallas-F,83.642,F,,-80,0
2013-11-01 10:50:25,R299,Proto,47542,Dallas,28.69,C,,-75,0
2013-11-01 10:50:25,R299,Proto,47542,Dallas-F,83.642,F,,-75,0
2013-11-01 10:50:28,R309,Proto,49135,Dallas,28.69,C,,-73,0
2013-11-01 10:50:28,R309,Proto,49135,Dallas-F,83.642,F,,-73,0
2013-11-01 10:50:29,R326,Proto,52489,BMP-Temp,28.30,C,,-76,0
2013-11-01 10:50:29,R326,Proto,52489,BMP-Temp-F,82.94,F,,-76,0
2013-11-01 10:50:30,18,Gateway-Linux,1,Uptime,1059.81,seconds,,,
2013-11-01 10:50:30,19,Gateway-Linux,1,Idletime,953.04,seconds,,,
2013-11-01 10:50:30,20,Gateway-Linux,1,MPU Temp,49.2,C,,,
2013-11-01 10:50:33,R329,Proto,53545,Dallas,28.56,C,,-81,0
2013-11-01 10:50:33,R329,Proto,53545,Dallas-F,83.408,F,,-81,0
2013-11-01 10:50:39,R359,Proto,58310,Dallas,28.56,C,,-72,0
2013-11-01 10:50:39,R359,Proto,58310,Dallas-F,83.408,F,,-72,0
2013-11-01 10:50:40,R391,Proto,63170,BATT-V,4.79,volts,,-78,0
2013-11-01 10:50:42,21,Gateway-Linux,1,Uptime,1071.24,seconds,,,
2013-11-01 10:50:42,22,Gateway-Linux,1,Idletime,964.15,seconds,,,
2013-11-01 10:50:42,23,Gateway-Linux,1,MPU Temp,48.7,C,,,
2013-11-01 10:50:45,R399,Proto,64967,Dallas,28.50,C,,-74,0
2013-11-01 10:50:45,R399,Proto,64967,Dallas-F,83.3,F,,-74,0
2013-11-01 10:50:53,24,Gateway-Linux,1,Uptime,1082.46,seconds,,,
2013-11-01 10:50:53,25,Gateway-Linux,1,Idletime,975.02,seconds,,,
2013-11-01 10:50:53,26,Gateway-Linux,1,MPU Temp,48.7,C,,,
2013-11-01 10:50:53,R429,Proto,69722,Dallas,28.50,C,,-74,0
2013-11-01 10:50:53,R429,Proto,69722,Dallas-F,83.3,F,,-74,0
2013-11-01 10:50:54,R479,Proto,77665,Dallas,28.38,C,,-76,0
2013-11-01 10:50:54,R479,Proto,77665,Dallas-F,83.084,F,,-76,0
2013-11-01 10:50:55,R489,Proto,79254,Dallas,28.38,C,,-29,0
2013-11-01 10:50:55,R489,Proto,79254,Dallas-F,83.084,F,,-29,0
2013-11-01 10:50:58,R492,Proto,79469,DUM,3.14,na,,-73,0
2013-11-01 10:50:59,R509,Proto,82421,Dallas,28.31,C,,-72,0
2013-11-01 10:50:59,R509,Proto,82421,Dallas-F,82.958,F,,-72,0
2013-11-01 10:51:01,R516,Proto,82949,BMP-Temp,28.36,C,,-77,0
2013-11-01 10:51:01,R516,Proto,82949,BMP-Temp-F,83.048,F,,-77,0
2013-11-01 10:51:03,R531,Proto,85688,BATT-V,4.79,volts,,-69,0
2013-11-01 10:51:04,R541,Proto,87276,BATT-V,4.79,volts,,-80,0
2013-11-01 10:51:05,R549,Proto,88716,Dallas,28.31,C,,-76,0
2013-11-01 10:51:05,R549,Proto,88716,Dallas-F,82.958,F,,-76,0
2013-11-01 10:51:06,27,Gateway-Linux,1,Uptime,1095.41,seconds,,,
2013-11-01 10:51:06,28,Gateway-Linux,1,Idletime,986.82,seconds,,,
2013-11-01 10:53:25,0,Gateway-Linux,1,Uptime,1234.63,seconds,,,
2013-11-01 10:53:25,1,Gateway-Linux,1,Idletime,1111.22,seconds,,,
2013-11-01 10:53:25,2,Gateway-Linux,1,MPU Temp,49.2,C,,,
2013-11-01 10:53:26,R1329,Proto,225880,Dallas,27.38,C,,-74,0
2013-11-01 10:53:26,R1329,Proto,225880,Dallas-F,81.284,F,,-74,0
2013-11-01 10:53:32,R1359,Proto,230672,Dallas,27.25,C,,-77,0
2013-11-01 10:53:32,R1359,Proto,230672,Dallas-F,81.05,F,,-77,0
2013-11-01 10:53:35,R1369,Proto,236625,Dallas,27.25,C,,-80,0
2013-11-01 10:53:35,R1369,Proto,236625,Dallas-F,81.05,F,,-80,0
2013-11-01 10:53:36,R1389,Proto,239825,Dallas,27.25,C,,-75,0
2013-11-01 10:53:36,R1389,Proto,239825,Dallas-F,81.05,F,,-75,0
2013-11-01 10:53:37,3,Gateway-Linux,1,Uptime,1246.43,seconds,,,
2013-11-01 10:53:37,4,Gateway-Linux,1,Idletime,1122.64,seconds,,,
2013-11-01 10:53:37,5,Gateway-Linux,1,MPU Temp,48.7,C,,,
2013-11-01 10:53:38,R1391,Proto,239971,BATT-V,4.79,volts,,-80,0
2013-11-01 10:53:46,R1409,Proto,243112,Dallas,27.19,C,,-29,0
2013-11-01 10:53:46,R1409,Proto,243112,Dallas-F,80.942,F,,-29,0
2013-11-01 10:53:48,6,Gateway-Linux,1,Uptime,1257.92,seconds,,,
2013-11-01 10:53:48,7,Gateway-Linux,1,Idletime,1133.83,seconds,,,
2013-11-01 10:53:48,8,Gateway-Linux,1,MPU Temp,48.7,C,,,
2013-11-01 10:53:50,R1457,Proto,250139,BMP-Pressure,99555.00,Pa,,-26,0
2013-11-01 10:53:52,R1481,Proto,254433,BATT-V,4.79,volts,,-77,0
2013-11-01 10:53:53,R1489,Proto,255883,Dallas,27.19,C,,-29,0
2013-11-01 10:53:53,R1489,Proto,255883,Dallas-F,80.942,F,,-29,0
2013-11-01 10:53:54,R1504,Proto,257870,LUX-Broad,390.00,rawb,,-74,0
2013-11-01 10:53:54,R1507,Proto,258076,BMP-Pressure,99543.00,Pa,,-76,0
2013-11-01 10:53:56,R1509,Proto,259028,Dallas,27.13,C,,-78,0
2013-11-01 10:53:56,R1509,Proto,259028,Dallas-F,80.834,F,,-78,0
2013-11-01 10:53:58,R1519,Proto,260625,Dallas,27.13,C,,-26,0
2013-11-01 10:53:58,R1519,Proto,260625,Dallas-F,80.834,F,,-26,0
2013-11-01 10:53:59,9,Gateway-Linux,1,Uptime,1268.63,seconds,,,
2013-11-01 10:53:59,10,Gateway-Linux,1,Idletime,1144.20,seconds,,,
2013-11-01 10:53:59,11,Gateway-Linux,1,MPU Temp,49.2,C,,,
2013-11-01 10:54:10,R1530,Proto,262295,BATT-R,135.00,raw,,-80,0
2013-11-01 10:54:12,12,Gateway-Linux,1,Uptime,1281.35,seconds,,,
2013-11-01 10:54:12,13,Gateway-Linux,1,Idletime,1156.66,seconds,,,
2013-11-01 10:54:12,14,Gateway-Linux,1,MPU Temp,48.7,C,,,
2013-11-01 10:54:16,R1609,Proto,275016,Dallas,27.13,C,,-74,0
2013-11-01 10:54:16,R1609,Proto,275016,Dallas-F,80.834,F,,-74,0
2013-11-01 10:54:18,R1642,Proto,280014,DUM,3.14,na,,-72,0
2013-11-01 10:54:20,R1657,Proto,282040,BMP-Pressure,99540.00,Pa,,-76,0
2013-11-01 10:54:22,R1669,Proto,284589,Dallas,27.06,C,,-75,0
2013-11-01 10:54:22,R1669,Proto,284589,Dallas-F,80.708,F,,-75,0
2013-11-01 10:54:23,15,Gateway-Linux,1,Uptime,1292.72,seconds,,,
2013-11-01 10:54:23,16,Gateway-Linux,1,Idletime,1165.69,seconds,,,
2013-11-01 10:54:23,17,Gateway-Linux,1,MPU Temp,49.2,C,,,
2013-11-01 10:54:28,R1681,Proto,286344,BATT-V,4.79,volts,,-80,0
2013-11-01 10:54:29,R1719,Proto,292593,Dallas,27.00,C,,-77,0
2013-11-01 10:54:29,R1719,Proto,292593,Dallas-F,80.6,F,,-77,0
2013-11-01 10:54:30,R1729,Proto,294192,Dallas,26.94,C,,-77,0
2013-11-01 10:54:30,R1729,Proto,294192,Dallas-F,80.492,F,,-77,0
